제목,뉴스 출처,날짜,뉴스 본문,관련 href
"
원/달러 환율, 미국CPI 발표 앞두고 1,300원대서 하락 마감
",연합뉴스,2023-08-07 15:49,"(서울=연합뉴스) 오지은 기자 = 이번 주에 미국 7월 소비자물가지수(CPI) 발표를 앞둔 가운데 7일 원/달러 환율은 1,300원대에서 하락 마감했다.     이날 서울 외환시장에서 달러 대비 원화 환율은 3.6원 내린 1,306.2원에서 마감했다.     환율은 전 거래일보다 3.2원 내린 1,306.6원에 개장해 1,304원대로 하락한 뒤 오후 들어 반등했다.    김승혁 NH선물 연구원은 이날 환율 하락에 대해 ""CPI 결과에 따라 움직이고자 하는 신중론은 1,300원 초반 구간에서 저가 매수로 대응할 수 있다""고 설명했다.     월스트리트저널에 따르면 시장 참여자들은 7월 CPI가 지난해 같은 달보다 3.3% 올랐을 것으로 예상했다.     시장 예상대로 CPI가 나온다면 연방준비제도(Fed·연준)의 금리 인상이 끝났다는 기대는 약화하고 높은 수준의 금리를 오래 유지할 가능성이 커질 수 있다.     7월 CPI가 예상대로 지난해보다 오를 경우 9월 연방공개시장위원회(FOMC)가 매파(통화 긴축 선호)적일 수 있다는 우려가 커질 수 있다.    같은 시간 원/엔 재정환율은 100엔당 918.60원이다. 전 거래일 오후 3시 30분 기준가(919.77원)보다 1.17원 하락했다.     built@yna.co.kr연합뉴스 관련뉴스해당 언론사에서 선정하며 언론사 페이지(아웃링크)로 이동해 볼 수 있습니다. 잼버리 대원들, 태풍 북상에 새만금 야영지 떠난다 울산 모 초등학교 칼부림 예고 글 올린 초등생 검거 ""엄마, 벌써 보고 싶어""…분당 사건 피해 현장에 추모 꽃다발 태풍 카눈, 10일 오전 경남남해안 상륙 예상…전국 폭풍속으로 ""시부모 18년 모셔"" 김은경에 시누이 ""거짓말""…정치권 또 시끌",https://finance.naver.com/news/news_read.naver?article_id=0014117083&office_id=001&mode=LSS3D&type=0&section_id=101&section_id2=258&section_id3=429&date=20230807&page=1
"
코스피, 2,600 내외서 나흘째 약세…이차전지주 동반 하락(종합)
",연합뉴스,2023-08-07 09:33,"(서울=연합뉴스) 홍유담 기자 = 코스피가 7일 장 초반 투자자들의 관망세에 나흘째 약세를 보이며 2,600 안팎에서 보합권 흐름을 이어가고 있다.      이날 오전 9시 19분 현재 코스피는 전장보다 1.41포인트(0.05%) 낮은 2,601.39다.    지수는 지난 2일부터 4거래일째 약세를 이어가면서 전장보다 11.22포인트(0.43%) 내린 2,591.58에 개장해 보합권에서 등락하고 있다.    유가증권시장에서 개인과 외국인이 각각 301억원, 221억원을 순매수했다. 기관은 618억원을 순매도했다.    이날 국내 증시는 앞선 미국 뉴욕 증시의 부진을 반영하면서 이차전지주 등 테마주들의 흐름에 영향을 받고 있다.     지난 4일(현지시간) 미국 뉴욕 증시에서 다우존스30 산업평균지수(-0.43%)와 스탠더드앤드푸어스(S&P) 500지수(-0.53%), 기술주 중심의 나스닥 지수(-0.36%)가 일제히 하락했다.    미국 7월 비농업 일자리는 전월 대비 18만7천명 증가해 전문가 전망치(20만명 증가)를 밑돌아 다소 고용이 둔화한 것으로 발표됐다.     반면 7월 실업률은 3.5%로 시장 예상치와 전달 기록을 모두 밑돌며 올해 4월 이후 가장 낮은 수치를 기록했고, 임금 상승률의 경우 4.36%로 시장 예상치와 전달 기록보다 높아 인플레이션 압박을 드러냈다.    고용지표가 혼조세를 보이는 가운데 애플의 주가가 올해 3분기 실적 부진 우려로 4.80% 떨어지면서 투자 심리를 위축시켰다.    시장은 오는 10일 예정된 미국의 7월 소비자물가지수(CPI) 발표를 주시하고 있다.    한지영 키움증권 연구원은 ""국내 증시에선 오는 11일 에코프로 편입 여부가 결정되는 모건스탠리캐피털인터내셔널(MSCI) 분기 리뷰 결과가 중요할 것""이라며 ""엔터주들의 실적발표도 잇따라 예정된 만큼 미국 CPI 등 거시경제 이벤트뿐 아니라 국내 주요 테마주 간의 힘겨루기 싸움에 영향을 받는 한 주가 될 것""이라고 설명했다.    시가총액 상위권에서 삼성전자(0.15%), SK하이닉스(1.83%), 삼성바이오로직스(0.50%), NAVER(네이버)(3.36%) 등이 상승하고 있다.    반면 LG에너지솔루션(-0.74%), POSCO홀딩스(-1.68%), LG화학(-1.10%), 삼성SDI(-1.73%), 포스코퓨처엠(-3.23%) 등 이차전지주는 일제히 하락세다.    업종별로는 종이·목재(1.80%), 보험(1.25%), 서비스업(1.12%), 의약품(1.02%) 등이 오르고 운수장비(-1.41%), 섬유·의복(-1.28%), 운수·창고(-1.21%), 철강 및 금속(-1.16%) 등은 약세다.    같은 시각 코스닥지수는 전장보다 5.96포인트(0.65%) 하락한 912.47을 나타냈다.    지수는 전장보다 5.18포인트(0.56%) 내린 913.25로 출발해 내림세를 지속하고 있다.    코스닥시장에서 개인이 홀로 1천296억원을 순매수했다. 외국인과 기관은 각각 757억원, 412억원 매도 우위다.    시총 상위권에서는 에코프로비엠(-3.94%)과 에코프로(-3.49%), 엘앤에프(-2.99%) 등 이차전지주가 약세인 가운데 셀트리온헬스케어(1.33%), JYP Ent.(2.07%) 등은 오르고 있다.    ydhong@yna.co.kr연합뉴스 관련뉴스해당 언론사에서 선정하며 언론사 페이지(아웃링크)로 이동해 볼 수 있습니다. 잼버리 대원들, 태풍 북상에 새만금 야영지 떠난다 울산 모 초등학교 칼부림 예고 글 올린 초등생 검거 ""엄마, 벌써 보고 싶어""…분당 사건 피해 현장에 추모 꽃다발 태풍 카눈, 10일 오전 경남남해안 상륙 예상…전국 폭풍속으로 ""시부모 18년 모셔"" 김은경에 시누이 ""거짓말""…정치권 또 시끌",https://finance.naver.com/news/news_read.naver?article_id=0014115876&office_id=001&mode=LSS3D&type=0&section_id=101&section_id2=258&section_id3=429&date=20230807&page=1
"
원/달러 환율, 미국 고용지표 둔화 속 1,300원대 하락 출발
",연합뉴스,2023-08-07 09:25,"(서울=연합뉴스) 오지은 기자 = 지난주 30원가량 급등했던 원/달러 환율이 미국 고용 지표 둔화 속에 7일 하락 출발했다.     이날 서울 외환시장에서 오전 9시 12분 현재 달러 대비 원화 환율은 전 거래일보다 5.6원 하락한 1,304.2원이다.     환율은 3.2원 내린 1,306.6원에 개장한 뒤 소폭 하락한 1,304원대에서 움직이고 있다.    지난 4일(현지시간) 미국 노동부가 발표한 고용보고서에 따르면 7월 비농업 일자리는 18만7천개 증가해 전문가 전망치(20만건)를 밑돌았다.     보건의료(6만3천개), 사회복지(2만4천개), 금융활동(1만9천개), 도매업(1만8천개) 부문에서 고용 증가를 이끌었지만 여가접객업에선 일자리가 1만7천개 늘어나는 데 그쳐 1분기 월평균 고용 증가 인원(6만7천개)을 크게 밑돌았다.     김승혁 NH선물 연구원은 ""달러는 신규고용 증가 둔화에 따른 여파 등으로 (전거래일) 하락 마감했다""고 말했다.     지난주 환율 급등으로 고점을 노린 수출업체의 달러 매도 가능성도 하락 요인으로 작용할 수 있다.     같은 시간 원/엔 재정환율은 100엔당 920.03원이다. 전거래일 오후 3시 30분 기준가 919.77원보다 0.26원 상승했다.     built@yna.co.kr[그래픽] 원/달러 환율 추이(서울=연합뉴스) 원형민 기자 = 4일 서울 외환시장에서 달러 대비 원화 환율은 전 거래일보다 10.7원 오른 1,309.8원에 마감했다.    circlemin@yna.co.kr    페이스북 tuney.kr/LeYN1 트위터 @yonhap_graphics연합뉴스 관련뉴스해당 언론사에서 선정하며 언론사 페이지(아웃링크)로 이동해 볼 수 있습니다. ""시부모 18년 모셔"" 김은경에 시누이 ""거짓말""…정치권 또 시끌 ""엄마 남자문제 아버지도 아나"" 내연녀 딸에 전화한 60대 ""치아 없어 음주측정 못해"" 항소했지만 기각…법원 ""거부 명확"" '회장님들 현피' 코앞?…머스크 ""저커버그 결투 엑스로 생중계"" 잼버리 성범죄 의혹 남성 ""더워서 그랬다""…피해자는 강력 반발",https://finance.naver.com/news/news_read.naver?article_id=0014115860&office_id=001&mode=LSS3D&type=0&section_id=101&section_id2=258&section_id3=429&date=20230807&page=1
"
금리 뛰자 장롱속 신사임당 돌아왔다…5만원권 환수율 역대 최고
",연합뉴스,2023-08-06 06:05,"상반기 5만원권 환수율 77.8%…발행액 10조원·환수액 7.8조원사회적 거리 두기 해제 후 소비심리 회복 영향도    (서울=연합뉴스) 신호경 민선희 기자 = 코로나19 사태 3년을 거치며 시중에서 자취를 감췄던 5만원권 지폐가 장롱이나 금고에서 다시 쏟아져 나오고 있다.      2021년 이후 기준금리와 시중금리가 계속 뛰면서 고액권을 들고 있기보다 예·적금 등의 형태로 굴리는 게 유리해진 데다 방역 해제로 대면 경제활동도 늘었기 때문으로 해석된다.          따라서 금리가 갑자기 크게 떨어지지 않는 한 올해 상반기뿐 아니라 연간 전체로도 5만원권 환수율은 역대 최대 기록을 갈아치울 것이 확실시된다.     6일 국회 기획재정위원회 소속 양경숙 의원(더불어민주당)이 한국은행으로부터 받은 화폐 수급 동향 자료에 따르면, 올해 상반기 5만원권 발행액은 약 10조원, 환수액은 7조8천억원을 기록했다.     발행액 대비 환수액의 비율인 환수율은 77.8%로, 2009년 6월 5만원권 발행이 시작된 이후 상반기 기준으로 가장 높은 환수율이다.     통상 한국은행이 화폐를 발행하면, 화폐는 시중에서 유통되다가 예금·세금납부 등 형태로 금융기관으로 입금된다.     금융기관은 일부를 시재금으로 보유하고 나머지는 한국은행에 입금하는데 이때 돌아온 금액이 환수액이다.    환수율은 해당 기간 발행액 대비 환수액의 비율로, 화폐 환수율이 높다는 것은 화폐가 시중에서 활발하게 유통되고 있다는 것을 의미한다.     5만원권 환수율은 지난 2009년 최초 발행 이후 꾸준히 상승해 2017∼2019년 중 50∼60%대에 이르렀다가, 코로나19가 확산한 2020∼2021년에는 10∼20%대까지 떨어졌다.    사회적 거리두기 조치로 대면 거래가 줄어든 데다 경제 불확실성에 고액권을 미리 확보해두려는 수요가 늘었기 때문이다.     그러나 지난해 방역 규제 완화로 소비심리가 회복되고, 한국은행이 지난 2021년 8월부터 1년 반에 걸쳐 기준금리를 3.00%포인트(p) 올리면서 환수율이 높아지기 시작했다.    한은의 기준금리 인상으로 시중 금리도 함께 뛰면서 현금을 보유하기보다 높은 금리를 주는 예·적금 등에 넣은 것으로 추정된다는 게 한은의 설명이다.        한은에 따르면 예금은행의 저축성 수신(예금) 평균금리(가중평균·신규취급액 기준)는 한은의 기준금리 인상이 시작된 지난 2021년 8월 연 1.03%에서 지난해 11월 연 4.29%까지 뛰었다.     은행 수신금리는 이후 하락해 지난 4월 3.43%까지 내렸으나, 5월 반등해 6월에는 3.69%로 집계됐다.     예금은행의 수신 잔액 역시 2021년 8월 말 2천253조7천억원에서 지난해 11월 2천480조6천억원까지 늘었다. 지난 5월에는 2천427조8천억원으로 집계됐다.    고액권 환수율 증가세는 통화 긴축을 이어간 다른 주요국에서도 관측됐다.    미국 100달러권 환수율은 2020년 51.0%까지 하락했다가 2022년 81.3%로 올랐으며, 유로존 200유로권 역시 2020년 환수율이 46.5%로 내렸다가 지난해 104.8%까지 상승했다.     shk999@yna.co.kr, ssun@yna.co.kr연합뉴스 관련뉴스해당 언론사에서 선정하며 언론사 페이지(아웃링크)로 이동해 볼 수 있습니다. 수조원 경제효과 기대했지만..잼버리 '총체적 부실'로 파행 '학폭 논란' 이다영 ""다시 한번 죄송…이재영은 학폭과 무관"" '브레이킹배드 마약왕' 헥터 살라만카 열연한 노배우 별세 흉기든 채 유리문 '쾅쾅'…경찰, 용인 흉기소란 40대 구속영장 유엔 인권위 ""일본 연예기획사 자니즈서 수백명 성폭력 피해""",https://finance.naver.com/news/news_read.naver?article_id=0014114245&office_id=001&mode=LSS3D&type=0&section_id=101&section_id2=258&section_id3=429&date=20230807&page=1
"
[그래픽] 원/달러 환율 추이
",연합뉴스,2023-08-04 16:20,"(서울=연합뉴스) 원형민 기자 = 4일 서울 외환시장에서 달러 대비 원화 환율은 전 거래일보다 10.7원 오른 1,309.8원에 마감했다.    circlemin@yna.co.kr    페이스북 tuney.kr/LeYN1 트위터 @yonhap_graphics연합뉴스 관련뉴스해당 언론사에서 선정하며 언론사 페이지(아웃링크)로 이동해 볼 수 있습니다. '분당 흉기 난동' 피의자, 사건 전날도 흉기 들고 서현역 방문 학교서 교사 흉기로 찌른 20대 검거…""과거 사제 간"" ""맨날 다니던 집앞서 어찌 어런 일이""…뇌사 피해자 남편 '통곡' 잇단 '묻지마' 흉기 난동에 외신도 주목…""한국에선 드문 일"" 환자 속출하는데…""입장 불가"" 의료봉사자 거절한 잼버리 조직위",https://finance.naver.com/news/news_read.naver?article_id=0014112812&office_id=001&mode=LSS3D&type=0&section_id=101&section_id2=258&section_id3=429&date=20230807&page=1
"
원/달러 환율, 10원 넘게 급등…1,310원 근접 마감
",연합뉴스,2023-08-04 15:48,"(서울=연합뉴스) 채새롬 기자 = 원/달러 환율이 4일 장중 10원 넘게 올라 1,310원에 바짝 다가섰다.    이날 서울 외환시장에서 달러 대비 원화 환율은 전 거래일보다 10.7원 오른 1,309.8원에 마감했다.    이날 종가는 지난 6월 30일(1,317.7원) 이후 최고치다.     환율은 전 거래일 종가보다 1.6원 내린 1,297.5원에 개장해 전날에 이어 장 초반 1,300원선을 중심으로 등락했다.     이후 오후 들어 상승 폭을 확대하더니 1,310.2원까지 고점을 높였다.    환율은 이날 밤 미국의 7월 비농업 고용보고서 발표를 앞두고 시장의 경계심이 높아지면서 상승한 것으로 보인다.     장중 1,300원 위로 올라가면서 수급상으로도 결제 수요가 우위를 보이며 환율 상승을 부추겼다.     외국인 투자자는 이날 코스피·코스닥시장에서 3천억원 넘게 순매도했다.    같은 시간 원/엔 재정환율은 100엔당 919.77원이다. 전 거래일 오후 3시 30분 기준가(904.89원)보다 14.88원 올랐다.[그래픽] 원/달러 환율 추이(서울=연합뉴스) 원형민 기자 = circlemin@yna.co.kr    페이스북 tuney.kr/LeYN1 트위터 @yonhap_graphics    srchae@yna.co.kr연합뉴스 관련뉴스해당 언론사에서 선정하며 언론사 페이지(아웃링크)로 이동해 볼 수 있습니다. '분당 흉기 난동' 피의자, 사건 전날도 흉기 들고 서현역 방문 학교서 교사 흉기로 찌른 20대 검거…""과거 사제 간"" ""맨날 다니던 집앞서 어찌 어런 일이""…뇌사 피해자 남편 '통곡' 잇단 '묻지마' 흉기 난동에 외신도 주목…""한국에선 드문 일"" 환자 속출하는데…""입장 불가"" 의료봉사자 거절한 잼버리 조직위",https://finance.naver.com/news/news_read.naver?article_id=0014112723&office_id=001&mode=LSS3D&type=0&section_id=101&section_id2=258&section_id3=429&date=20230807&page=1
"
원/달러 환율, 미국 고용지표 대기…장 초반 보합권
",연합뉴스,2023-08-04 09:24,"(서울=연합뉴스) 채새롬 기자 = 4일 원/달러 환율은 미국 고용지표 발표를 대기하며 장 초반 보합권에서 움직이고 있다.    이날 서울 외환시장에서 오전 9시 13분 현재 달러 대비 원화 환율은 전 거래일보다 0.1원 내린 1,299.0원이다.     환율은 1.6원 내린 1,297.5원에 개장해 전날에 이어 1,300원선을 중심으로 좁은 폭에서 등락하고 있다.     강달러 부담이 완화하는 가운데 이날 발표되는 미국의 7월 비농업 고용보고서를 대기하는 모습이다.     수출업체 네고(달러 매도) 물량도 1,300원선을 고점으로 인식하고 유입되는 양상을 보이고 있다.    같은 시간 원/엔 재정환율은 100엔당 910.86원이다. 전 거래일 오후 3시 30분 기준가(904.89원)보다 5.97원 상승했다.     srchae@yna.co.kr연합뉴스 관련뉴스해당 언론사에서 선정하며 언론사 페이지(아웃링크)로 이동해 볼 수 있습니다. 경찰 ""분당 흉기난동범, 누가 죽이려한다는 피해망상 겪다 범행"" 경찰, 오리역·서현역 잇단 '살인예고' 게시물에 총력 대응 ""엄마, 죽는 줄 알았어""…흉기난동 부상자가 가족에 전한 한마디 ""가게 닫고 숨죽인 채 있었어요""…목격자들 전한 난동 당시 상황 공주 국도서 자전거 타던 70대, 차량 3대에 잇따라 치여 숨져",https://finance.naver.com/news/news_read.naver?article_id=0014111608&office_id=001&mode=LSS3D&type=0&section_id=101&section_id2=258&section_id3=429&date=20230807&page=1
"
원/달러 환율, 3주 만에 1,300원선 '터치'
",연합뉴스,2023-08-03 15:41,"(서울=연합뉴스) 채새롬 기자 = 3일 원/달러 환율이 1,300원선을 찍고 내려왔다.    이날 서울 외환시장에서 달러 대비 원화 환율은 전 거래일보다 0.6원 오른 1,299.1원에 마감했다.    환율은 전 거래일 종가보다 0.5원 오른 1,299.0원에 개장해 장중 1,302.5원까지 오르는 등 1,300원선 안팎에서 등락을 거듭했다.     환율이 장중 1,300원을 넘은 것은 지난달 11일(장중 고가 1,301.1원) 이후 3주 만이다.     이날 외국인은 코스피·코스닥시장에서 2천억원 넘게 순매도했고, 코스피200 선물시장에서는 1조5천억원 가까이 팔아치우며 환율에 상방 압력을 가했다.     다만 미국 신용등급 강등 영향이 전날 주로 반영된 탓에 상단은 제한됐다.     국제 신용평가사 피치는 전날 미국의 국가신용등급을 'AAA'에서 'AA+'로 강등했다. 이에 따른 위험 회피 심리가 강화되면서 2일 원/달러 환율은 14.7원 급등했다.    같은 시간 원/엔 재정환율은 100엔당 904.89원이다. 전 거래일 오후 3시 30분 기준가(909.22원)에서 4.33원 내렸다.    srchae@yna.co.kr연합뉴스 관련뉴스해당 언론사에서 선정하며 언론사 페이지(아웃링크)로 이동해 볼 수 있습니다. 블랙핑크 지수, 배우 안보현과 교제…""조금씩 알아가는 단계"" '물리학의 성배' 해외서도 뜨거운 초전도체…""사실이면 노벨상"" 술마시고 새벽 귀가 혼내는 어머니 살해 美 복권 '메가 밀리언스' 1등 당첨금 1조6천억원으로 불어 트뤼도, 18년 결혼 접고 이혼…""깊은 사랑과 존경 남을것""",https://finance.naver.com/news/news_read.naver?article_id=0014110334&office_id=001&mode=LSS3D&type=0&section_id=101&section_id2=258&section_id3=429&date=20230807&page=1
"
일본, 금융완화 수정에도 엔저 지속…국채 수익률은 상승세
",연합뉴스,2023-08-03 15:22,"(도쿄=연합뉴스) 박상현 특파원 = 일본 중앙은행인 일본은행이 7개월 만에 대규모 금융완화 정책을 수정한 뒤 금융시장에서 엔화 가치 하락(엔저)과 10년물 국채 금리 상승 현상이 나타나고 있다고 니혼게이자이신문(닛케이)이 3일 보도했다.    앞서 일본은행은 지난달 28일 장기금리 지표인 10년물 국채 금리의 상한선 목표를 0.5%로 하되 시장 동향에 따라 1%까지는 용인하기로 했다.    일본은행의 이 같은 결정 이후 10년물 국채 수익률은 0.6%를 넘어 이날 장중 한때 0.655%를 기록했다. 이는 9년 7개월 만에 최고 수준이다.    일본은행은 지난달 31일 10년물 국채의 수익률이 0.605%로 치솟자 공개시장 조작에 나서기도 했다.    엔/달러 환율은 이날 달러당 143엔대에서 등락을 거듭하고 있다. 지난달 28일과 비교하면 달러당 5엔가량 올랐다.    통상적으로 금리가 오른 나라의 통화는 강세를 띠는 경향이 있지만, 일본에서는 이례적으로 엔화 가치가 떨어지고 있다.    이에 대해 닛케이는 ""일본은행이 약간의 금리 상승은 용인했지만, 급격한 움직임은 허용하지 않는다는 자세를 보이고 있는 것이 요인""이라고 분석했다.    이어 ""느린 속도의 금리 상승과 엔저가 지속되면 수입 물가 급등이 재현될 우려가 있다""고 짚었다.    한편 우치다 신이치 일본은행 부총재는 전날 금융정책 수정과 관련해 금융완화를 끈질기게 계속하기 위한 조처라고 설명했다.    아울러 그는 금융완화의 출구를 의식한 것은 아니라는 점도 강조했다.    psh59@yna.co.kr연합뉴스 관련뉴스해당 언론사에서 선정하며 언론사 페이지(아웃링크)로 이동해 볼 수 있습니다. 블랙핑크 지수, 배우 안보현과 교제…""조금씩 알아가는 단계"" '물리학의 성배' 해외서도 뜨거운 초전도체…""사실이면 노벨상"" 술마시고 새벽 귀가 혼내는 어머니 살해 美 복권 '메가 밀리언스' 1등 당첨금 1조6천억원으로 불어 트뤼도, 18년 결혼 접고 이혼…""깊은 사랑과 존경 남을것""",https://finance.naver.com/news/news_read.naver?article_id=0014110229&office_id=001&mode=LSS3D&type=0&section_id=101&section_id2=258&section_id3=429&date=20230807&page=1
"
[게시판] KB국민은행, 거래외국환은행 지정 고객에 1만원 쿠폰
",연합뉴스,2023-08-03 15:15,"▲ KB국민은행은 다음 달 29일까지 유학생과 해외체재 고객을 대상으로 KB금융쿠폰 증정 행사를 진행한다고 3일 밝혔다. 이 기간 유학생·해외체재자가 KB국민은행을 거래외국환은행으로 새로 지정하면 외환 거래에 사용할 수 있는 KB금융쿠폰 1만원을 받는다. 거래외국환은행 지정은 외국환거래 법령에 따라 사전에 한 은행을 정한 뒤 해당 은행에서만 특정 거래를 허용하는 제도다.    (서울=연합뉴스)연합뉴스 관련뉴스해당 언론사에서 선정하며 언론사 페이지(아웃링크)로 이동해 볼 수 있습니다. 블랙핑크 지수, 배우 안보현과 교제…""조금씩 알아가는 단계"" '물리학의 성배' 해외서도 뜨거운 초전도체…""사실이면 노벨상"" 술마시고 새벽 귀가 혼내는 어머니 살해 美 복권 '메가 밀리언스' 1등 당첨금 1조6천억원으로 불어 트뤼도, 18년 결혼 접고 이혼…""깊은 사랑과 존경 남을것""",https://finance.naver.com/news/news_read.naver?article_id=0014110197&office_id=001&mode=LSS3D&type=0&section_id=101&section_id2=258&section_id3=429&date=20230807&page=1
"
외환보유액 2개월째 증가
",연합뉴스,2023-08-03 14:33,"(서울=연합뉴스) 박동주 기자 = 최근 미국 달러화 약세, 외화자산 운용수익 증가 등으로 우리나라 외환보유액이 2개월 연속 증가했다.    한은이 3일 발표한 외환보유액 통계에 따르면 7월 말 기준 외환보유액은 4천218억달러로 6월 말(4천214억5천만달러) 보다 3억5천만달러 증가했다. 이날 오후 서울 중구 하나은행 본점 위변조대응센터에서 한 직원이 달러를 정리하고 있다. 2023.8.3    pdj6635@yna.co.kr연합뉴스 관련뉴스해당 언론사에서 선정하며 언론사 페이지(아웃링크)로 이동해 볼 수 있습니다. 블랙핑크 지수, 배우 안보현과 교제…""조금씩 알아가는 단계"" '물리학의 성배' 해외서도 뜨거운 초전도체…""사실이면 노벨상"" 술마시고 새벽 귀가 혼내는 어머니 살해 美 복권 '메가 밀리언스' 1등 당첨금 1조6천억원으로 불어 트뤼도, 18년 결혼 접고 이혼…""깊은 사랑과 존경 남을것""",https://finance.naver.com/news/news_read.naver?article_id=0014110018&office_id=001&mode=LSS3D&type=0&section_id=101&section_id2=258&section_id3=429&date=20230807&page=1
"
7월 외환보유액 2개월째 증가…3.5억달러 늘어난 4천218억달러
",연합뉴스,2023-08-03 14:32,"(서울=연합뉴스) 박동주 기자 = 최근 미국 달러화 약세, 외화자산 운용수익 증가 등으로 우리나라 외환보유액이 2개월 연속 증가했다.    한은이 3일 발표한 외환보유액 통계에 따르면 7월 말 기준 외환보유액은 4천218억달러로 6월 말(4천214억5천만달러) 보다 3억5천만달러 증가했다. 이날 오후 서울 중구 하나은행 본점 위변조대응센터에서 한 직원이 달러를 정리하고 있다. 2023.8.3    pdj6635@yna.co.kr연합뉴스 관련뉴스해당 언론사에서 선정하며 언론사 페이지(아웃링크)로 이동해 볼 수 있습니다. 블랙핑크 지수, 배우 안보현과 교제…""조금씩 알아가는 단계"" '물리학의 성배' 해외서도 뜨거운 초전도체…""사실이면 노벨상"" 술마시고 새벽 귀가 혼내는 어머니 살해 美 복권 '메가 밀리언스' 1등 당첨금 1조6천억원으로 불어 트뤼도, 18년 결혼 접고 이혼…""깊은 사랑과 존경 남을것""",https://finance.naver.com/news/news_read.naver?article_id=0014110014&office_id=001&mode=LSS3D&type=0&section_id=101&section_id2=258&section_id3=429&date=20230807&page=1
"
7월 외환보유액 2개월째 증가…3.5억달러 늘어난 4천218억달러
",연합뉴스,2023-08-03 14:32,"(서울=연합뉴스) 박동주 기자 = 최근 미국 달러화 약세, 외화자산 운용수익 증가 등으로 우리나라 외환보유액이 2개월 연속 증가했다.    한은이 3일 발표한 외환보유액 통계에 따르면 7월 말 기준 외환보유액은 4천218억달러로 6월 말(4천214억5천만달러) 보다 3억5천만달러 증가했다. 이날 오후 서울 중구 하나은행 본점 위변조대응센터에서 한 직원이 달러를 정리하고 있다. 2023.8.3    pdj6635@yna.co.kr연합뉴스 관련뉴스해당 언론사에서 선정하며 언론사 페이지(아웃링크)로 이동해 볼 수 있습니다. 블랙핑크 지수, 배우 안보현과 교제…""조금씩 알아가는 단계"" '물리학의 성배' 해외서도 뜨거운 초전도체…""사실이면 노벨상"" 술마시고 새벽 귀가 혼내는 어머니 살해 美 복권 '메가 밀리언스' 1등 당첨금 1조6천억원으로 불어 트뤼도, 18년 결혼 접고 이혼…""깊은 사랑과 존경 남을것""",https://finance.naver.com/news/news_read.naver?article_id=0014110013&office_id=001&mode=LSS3D&type=0&section_id=101&section_id2=258&section_id3=429&date=20230807&page=1
"
7월 외환보유액…3.5억달러 늘어난 4천218억달러
",연합뉴스,2023-08-03 14:32,"(서울=연합뉴스) 박동주 기자 = 최근 미국 달러화 약세, 외화자산 운용수익 증가 등으로 우리나라 외환보유액이 2개월 연속 증가했다.    한은이 3일 발표한 외환보유액 통계에 따르면 7월 말 기준 외환보유액은 4천218억달러로 6월 말(4천214억5천만달러) 보다 3억5천만달러 증가했다. 이날 오후 서울 중구 하나은행 본점 위변조대응센터에서 한 직원이 달러를 정리하고 있다. 2023.8.3    pdj6635@yna.co.kr연합뉴스 관련뉴스해당 언론사에서 선정하며 언론사 페이지(아웃링크)로 이동해 볼 수 있습니다. 블랙핑크 지수, 배우 안보현과 교제…""조금씩 알아가는 단계"" '물리학의 성배' 해외서도 뜨거운 초전도체…""사실이면 노벨상"" 술마시고 새벽 귀가 혼내는 어머니 살해 美 복권 '메가 밀리언스' 1등 당첨금 1조6천억원으로 불어 트뤼도, 18년 결혼 접고 이혼…""깊은 사랑과 존경 남을것""",https://finance.naver.com/news/news_read.naver?article_id=0014110012&office_id=001&mode=LSS3D&type=0&section_id=101&section_id2=258&section_id3=429&date=20230807&page=1
"
7월 외환보유액 2개월째 증가…3.5억달러 늘어난 4천218억달러
",연합뉴스,2023-08-03 14:32,"(서울=연합뉴스) 박동주 기자 = 최근 미국 달러화 약세, 외화자산 운용수익 증가 등으로 우리나라 외환보유액이 2개월 연속 증가했다.    한은이 3일 발표한 외환보유액 통계에 따르면 7월 말 기준 외환보유액은 4천218억달러로 6월 말(4천214억5천만달러) 보다 3억5천만달러 증가했다. 이날 오후 서울 중구 하나은행 본점 위변조대응센터에서 한 직원이 달러를 정리하고 있다. 2023.8.3    pdj6635@yna.co.kr연합뉴스 관련뉴스해당 언론사에서 선정하며 언론사 페이지(아웃링크)로 이동해 볼 수 있습니다. 블랙핑크 지수, 배우 안보현과 교제…""조금씩 알아가는 단계"" '물리학의 성배' 해외서도 뜨거운 초전도체…""사실이면 노벨상"" 술마시고 새벽 귀가 혼내는 어머니 살해 美 복권 '메가 밀리언스' 1등 당첨금 1조6천억원으로 불어 트뤼도, 18년 결혼 접고 이혼…""깊은 사랑과 존경 남을것""",https://finance.naver.com/news/news_read.naver?article_id=0014110011&office_id=001&mode=LSS3D&type=0&section_id=101&section_id2=258&section_id3=429&date=20230807&page=1
"
7월 외환보유액…3.5억달러 늘어난 4천218억달러
",연합뉴스,2023-08-03 14:32,"(서울=연합뉴스) 박동주 기자 = 최근 미국 달러화 약세, 외화자산 운용수익 증가 등으로 우리나라 외환보유액이 2개월 연속 증가했다.    한은이 3일 발표한 외환보유액 통계에 따르면 7월 말 기준 외환보유액은 4천218억달러로 6월 말(4천214억5천만달러) 보다 3억5천만달러 증가했다. 이날 오후 서울 중구 하나은행 본점 위변조대응센터에서 한 직원이 달러를 정리하고 있다. 2023.8.3    pdj6635@yna.co.kr연합뉴스 관련뉴스해당 언론사에서 선정하며 언론사 페이지(아웃링크)로 이동해 볼 수 있습니다. 블랙핑크 지수, 배우 안보현과 교제…""조금씩 알아가는 단계"" '물리학의 성배' 해외서도 뜨거운 초전도체…""사실이면 노벨상"" 술마시고 새벽 귀가 혼내는 어머니 살해 美 복권 '메가 밀리언스' 1등 당첨금 1조6천억원으로 불어 트뤼도, 18년 결혼 접고 이혼…""깊은 사랑과 존경 남을것""",https://finance.naver.com/news/news_read.naver?article_id=0014110010&office_id=001&mode=LSS3D&type=0&section_id=101&section_id2=258&section_id3=429&date=20230807&page=1
"
7월 외환보유액…3.5억달러 늘어난 4천218억달러
",연합뉴스,2023-08-03 14:32,"(서울=연합뉴스) 박동주 기자 = 최근 미국 달러화 약세, 외화자산 운용수익 증가 등으로 우리나라 외환보유액이 2개월 연속 증가했다.    한은이 3일 발표한 외환보유액 통계에 따르면 7월 말 기준 외환보유액은 4천218억달러로 6월 말(4천214억5천만달러) 보다 3억5천만달러 증가했다. 이날 오후 서울 중구 하나은행 본점 위변조대응센터에서 한 직원이 달러를 정리하고 있다. 2023.8.3    pdj6635@yna.co.kr연합뉴스 관련뉴스해당 언론사에서 선정하며 언론사 페이지(아웃링크)로 이동해 볼 수 있습니다. 블랙핑크 지수, 배우 안보현과 교제…""조금씩 알아가는 단계"" '물리학의 성배' 해외서도 뜨거운 초전도체…""사실이면 노벨상"" 술마시고 새벽 귀가 혼내는 어머니 살해 美 복권 '메가 밀리언스' 1등 당첨금 1조6천억원으로 불어 트뤼도, 18년 결혼 접고 이혼…""깊은 사랑과 존경 남을것""",https://finance.naver.com/news/news_read.naver?article_id=0014110009&office_id=001&mode=LSS3D&type=0&section_id=101&section_id2=258&section_id3=429&date=20230807&page=1
"
7월 외환보유액…3.5억달러 늘어난 4천218억달러
",연합뉴스,2023-08-03 14:32,"(서울=연합뉴스) 박동주 기자 = 최근 미국 달러화 약세, 외화자산 운용수익 증가 등으로 우리나라 외환보유액이 2개월 연속 증가했다.    한은이 3일 발표한 외환보유액 통계에 따르면 7월 말 기준 외환보유액은 4천218억달러로 6월 말(4천214억5천만달러) 보다 3억5천만달러 증가했다. 이날 오후 서울 중구 하나은행 본점 위변조대응센터에서 한 직원이 달러를 정리하고 있다. 2023.8.3    pdj6635@yna.co.kr연합뉴스 관련뉴스해당 언론사에서 선정하며 언론사 페이지(아웃링크)로 이동해 볼 수 있습니다. 블랙핑크 지수, 배우 안보현과 교제…""조금씩 알아가는 단계"" '물리학의 성배' 해외서도 뜨거운 초전도체…""사실이면 노벨상"" 술마시고 새벽 귀가 혼내는 어머니 살해 美 복권 '메가 밀리언스' 1등 당첨금 1조6천억원으로 불어 트뤼도, 18년 결혼 접고 이혼…""깊은 사랑과 존경 남을것""",https://finance.naver.com/news/news_read.naver?article_id=0014110007&office_id=001&mode=LSS3D&type=0&section_id=101&section_id2=258&section_id3=429&date=20230807&page=1
"
외환보유액 2개월째 증가
",연합뉴스,2023-08-03 14:32,"(서울=연합뉴스) 박동주 기자 = 최근 미국 달러화 약세, 외화자산 운용수익 증가 등으로 우리나라 외환보유액이 2개월 연속 증가했다.    한은이 3일 발표한 외환보유액 통계에 따르면 7월 말 기준 외환보유액은 4천218억달러로 6월 말(4천214억5천만달러) 보다 3억5천만달러 증가했다. 이날 오후 서울 중구 하나은행 본점 위변조대응센터에서 한 직원이 달러를 정리하고 있다. 2023.8.3    pdj6635@yna.co.kr연합뉴스 관련뉴스해당 언론사에서 선정하며 언론사 페이지(아웃링크)로 이동해 볼 수 있습니다. 블랙핑크 지수, 배우 안보현과 교제…""조금씩 알아가는 단계"" '물리학의 성배' 해외서도 뜨거운 초전도체…""사실이면 노벨상"" 술마시고 새벽 귀가 혼내는 어머니 살해 美 복권 '메가 밀리언스' 1등 당첨금 1조6천억원으로 불어 트뤼도, 18년 결혼 접고 이혼…""깊은 사랑과 존경 남을것""",https://finance.naver.com/news/news_read.naver?article_id=0014110006&office_id=001&mode=LSS3D&type=0&section_id=101&section_id2=258&section_id3=429&date=20230807&page=1
"
외환보유액 2개월째 증가
",연합뉴스,2023-08-03 14:32,"(서울=연합뉴스) 박동주 기자 = 최근 미국 달러화 약세, 외화자산 운용수익 증가 등으로 우리나라 외환보유액이 2개월 연속 증가했다.    한은이 3일 발표한 외환보유액 통계에 따르면 7월 말 기준 외환보유액은 4천218억달러로 6월 말(4천214억5천만달러) 보다 3억5천만달러 증가했다. 이날 오후 서울 중구 하나은행 본점 위변조대응센터에서 한 직원이 달러를 정리하고 있다. 2023.8.3    pdj6635@yna.co.kr연합뉴스 관련뉴스해당 언론사에서 선정하며 언론사 페이지(아웃링크)로 이동해 볼 수 있습니다. 블랙핑크 지수, 배우 안보현과 교제…""조금씩 알아가는 단계"" '물리학의 성배' 해외서도 뜨거운 초전도체…""사실이면 노벨상"" 술마시고 새벽 귀가 혼내는 어머니 살해 美 복권 '메가 밀리언스' 1등 당첨금 1조6천억원으로 불어 트뤼도, 18년 결혼 접고 이혼…""깊은 사랑과 존경 남을것""",https://finance.naver.com/news/news_read.naver?article_id=0014110005&office_id=001&mode=LSS3D&type=0&section_id=101&section_id2=258&section_id3=429&date=20230807&page=1
"
원/달러 환율, 위안화 약세 속 1,315.7원…한 달여 만에 최고
",연합뉴스,2023-08-08 15:59,"(서울=연합뉴스) 오지은 기자 = 원/달러 환율이 8일 9원 넘게 뛰어 한 달여 만에 1,310원대로 올라섰다.     이날 서울 외환시장에서 달러 대비 원화 환율은 전날보다 9.5원 오른 1,315.7원에 마감했다.    이날 종가는 지난 6월 30일(1,317.7원) 이후 최고치다.     환율은 전날보다 0.3원 오른 1,306.5원에 개장한 뒤 1,310원대로 올라섰다.    이날 원/달러 환율은 위안/달러 환율 흐름에 따라 움직였다.     역외 위안/달러 환율이 7.2위안에서 7.22위안으로 상승하는 등 위안화가 약세를 보이면서 원/달러 환율 상승(원화 약세)으로 이어졌다.    위안화는 중국 무역지표 발표를 앞두고 시장 참여자의 경계감으로 인해 약세를 보이고 있다.    다만 수출업체 네고(달러 매도)의 고점 인식은 상단을 제한하는 요인이다.     민경원 우리은행 연구원은 ""수출·중공업체 고점매도 수요는 원/달러 환율 하락 요인으로 작용한다""고 설명했다.     같은 시간 원/엔 재정환율은 100엔당 919.52원이다. 전날 오후 3시 30분 기준가(918.60원)보다 0.92원 올랐다.     built@yna.co.kr연합뉴스 관련뉴스해당 언론사에서 선정하며 언론사 페이지(아웃링크)로 이동해 볼 수 있습니다. 폭염탓일까…서울대공원서 시베리아호랑이 또 폐사 SPC 계열 성남 샤니공장서 또 근로자 끼임 사고…심정지 이송 與성일종 ""BTS가 잼버리 공연할 수 있게 국방부가 지원해달라"" ""산에서 아기 낳고 묻으려다…너무울어 교복에 싸서 데려왔어요"" 태국 ""태국인 잼버리 성범죄 의혹, 오해 있지만 철저 조사할 것""",https://finance.naver.com/news/news_read.naver?article_id=0014119444&office_id=001&mode=LSS3D&type=0&section_id=101&section_id2=258&section_id3=429&date=20230808&page=1
"
원/달러 환율, 장 초반 보합세…1,300원대
",연합뉴스,2023-08-08 09:30,"(서울=연합뉴스) 오지은 기자 = 8일 원/달러 환율은 장 초반 보합권에서 움직이고 있다.    이날 서울 외환시장에서 오전 9시 17분 현재 달러 대비 원화 환율은 전날보다 0.5원 상승한 1,306.7원이다.     환율은 0.3원 오른 1,306.5원에 개장한 뒤 제한적으로 등락하고 있다.     간밤 환율은 미국 국채 금리 상승과 연방준비제도(Fed·연준)의 비둘기파적 발언으로 상·하방 압력을 받아 강보합권에서 마감했다.    김승혁 NH선물 연구원은 ""환율은 미국 국채금리 상승으로 상승압력을 받았지만, 연준의 비둘기파적 발언이 이를 상쇄해 1,300원대 초중반에 안착할 것으로 보인다""고 말했다.    7일(현지시간) 10년물 국채금리는 최근 4.2%까지 올라 지난해 11월 이후 최고치를 경신했다. 10년물 금리는 전장보다 5bp(1bp=0.01%포인트)가량 오른 4.09% 근방에서 거래를 마쳤고, 2년물 국채금리는 전날과 비슷한 4.79% 근방에서 마감했다.    매파적(통화긴축 선호)로 분류되는 존 윌리엄스 뉴욕 연방준비은행(연은) 총재는 ""현재 기준금리는 최고치에 근접한 것으로 보인다""며 ""물가가 내년까지 하락한다고 가정했을 때 기준금리를 내리지 않으면 실질 이자율이 계속 올라가는 것""이라고 말했다.     시장 참여자는 윌리엄스 총재의 발언을 연준이 내년부터 금리 인하에 나설 것이라는 비둘기파(통화완화 선호) 신호로 해석했다.     같은 시간 원/엔 재정환율은 100엔당 915.79원이다. 전날 오후 3시 30분 기준가(918.60원)보다 2.81원 하락했다.     built@yna.co.kr연합뉴스 관련뉴스해당 언론사에서 선정하며 언론사 페이지(아웃링크)로 이동해 볼 수 있습니다. ""산에서 아기 낳고 묻으려다…너무울어 교복에 싸서 데려왔어요"" 프랑스서 아내 감금·고문한 독일인 남편 체포…""12년간 당했다"" '몸 만지고 기습 입맞춤' 20대 여직원 강제추행한 금융기관 간부 브라질서 개와 충돌한 뺑소니 차량의 동승자, 괴한 총 맞아 사망 공포영화 걸작 '엑소시스트' 감독한 윌리엄 프리드킨 별세",https://finance.naver.com/news/news_read.naver?article_id=0014117935&office_id=001&mode=LSS3D&type=0&section_id=101&section_id2=258&section_id3=429&date=20230808&page=1
"
美 페이팔, 스테이블코인 출시…주요 핀테크로선 처음
",연합뉴스,2023-08-08 07:22,"(샌프란시스코=연합뉴스) 김태종 특파원 = 미국 온라인 결제서비스업체 페이팔은 7일(현지시간) 스테이블코인 가상화폐를 출시한다고 밝혔다.    스테이블코인은 가격 변동성을 최소화하도록 미국 달러나 유로 가치 등에 고정돼 설계된 가상화폐로, IT와 금융서비스를 결합한 핀테크 업체가 출시하는 것은 이번이 처음이다.    '페이팔 USD'(PYUSD)라는 이름의 이 스테이블코인은 세계 최대 가상화폐 거래소 바이낸스 스테이블코인(BUSD)을 발행한 팍소스가 발행한다.    페이팔은 'PYUSD'에 대해 ""웹 3.0 및 디지털 환경에서 결제를 혁신하기 위해 설계됐다""며 ""미 달러 등으로 상환할 수 있다""고 설명했다.    스테이블코인은 비트코인이나 이더리움과 같은 다른 가상화폐 자산을 거래하는 데에도 사용되며, 전통적인 금융시스템에 포함되지 않기 때문에 중앙 중개 기관 없이도 즉각적이고 저렴하게 송금에 이용될 수 있다.     댄 슐먼 페이팔 최고경영자(CEO)는 ""디지털 통화로 전환하기 위해서는 디지털이면서 미 달러와 같은 법정 통화와 쉽게 연결되는 안정적인 도구가 필요하다""며 ""페이팔은 그동안의 경험을 바탕으로 이번 스테이블코인을 통해 디지털 결제의 성장에 기여할 수 있을 것""이라고 말했다.    페이팔은 전 세계적으로 4억개 이상의 활성 계정을 보유하고 있으며, 2020년부터 사용자가 가상화폐로 결제할 수 있는 서비스를 시작해 왔다.    현재 스테이블코인으로는 테더의 USDT, 서클의 USDC, 바이낸스의 BUSD 등이 있으며, 유통량은 USDT가 1천260억 달러(164조7천450억원)로 가장 많다.     앞서 페이스북 모회사 메타가 2019년 스테이블코인 리브라를 출시하려 했으나, 글로벌 금융 안정성에 대한 규제당국의 우려로 무산된 바 있다.     taejong75@yna.co.kr연합뉴스 관련뉴스해당 언론사에서 선정하며 언론사 페이지(아웃링크)로 이동해 볼 수 있습니다. ""산에서 아기 낳고 묻으려다…너무울어 교복에 싸서 데려왔어요"" 프랑스서 아내 감금·고문한 독일인 남편 체포…""12년간 당했다"" 브라질서 개와 충돌한 뺑소니 차량의 동승자, 괴한 총 맞아 사망 ""살인범에게 촬영 선택권을?""…최원종 머그샷 거부에 비판 여론 공포영화 걸작 '엑소시스트' 감독한 윌리엄 프리드킨 별세",https://finance.naver.com/news/news_read.naver?article_id=0014117782&office_id=001&mode=LSS3D&type=0&section_id=101&section_id2=258&section_id3=429&date=20230808&page=1
"
원/달러 환율, 미국CPI 발표 앞두고 1,300원대서 하락 마감
",연합뉴스,2023-08-07 15:49,"(서울=연합뉴스) 오지은 기자 = 이번 주에 미국 7월 소비자물가지수(CPI) 발표를 앞둔 가운데 7일 원/달러 환율은 1,300원대에서 하락 마감했다.     이날 서울 외환시장에서 달러 대비 원화 환율은 3.6원 내린 1,306.2원에서 마감했다.     환율은 전 거래일보다 3.2원 내린 1,306.6원에 개장해 1,304원대로 하락한 뒤 오후 들어 반등했다.    김승혁 NH선물 연구원은 이날 환율 하락에 대해 ""CPI 결과에 따라 움직이고자 하는 신중론은 1,300원 초반 구간에서 저가 매수로 대응할 수 있다""고 설명했다.     월스트리트저널에 따르면 시장 참여자들은 7월 CPI가 지난해 같은 달보다 3.3% 올랐을 것으로 예상했다.     시장 예상대로 CPI가 나온다면 연방준비제도(Fed·연준)의 금리 인상이 끝났다는 기대는 약화하고 높은 수준의 금리를 오래 유지할 가능성이 커질 수 있다.     7월 CPI가 예상대로 지난해보다 오를 경우 9월 연방공개시장위원회(FOMC)가 매파(통화 긴축 선호)적일 수 있다는 우려가 커질 수 있다.    같은 시간 원/엔 재정환율은 100엔당 918.60원이다. 전 거래일 오후 3시 30분 기준가(919.77원)보다 1.17원 하락했다.     built@yna.co.kr연합뉴스 관련뉴스해당 언론사에서 선정하며 언론사 페이지(아웃링크)로 이동해 볼 수 있습니다. 잼버리 대원들, 태풍 북상에 새만금 야영지 떠난다 울산 모 초등학교 칼부림 예고 글 올린 초등생 검거 ""엄마, 벌써 보고 싶어""…분당 사건 피해 현장에 추모 꽃다발 태풍 카눈, 10일 오전 경남남해안 상륙 예상…전국 폭풍속으로 ""시부모 18년 모셔"" 김은경에 시누이 ""거짓말""…정치권 또 시끌",https://finance.naver.com/news/news_read.naver?article_id=0014117083&office_id=001&mode=LSS3D&type=0&section_id=101&section_id2=258&section_id3=429&date=20230808&page=1
"
코스피, 2,600 내외서 나흘째 약세…이차전지주 동반 하락(종합)
",연합뉴스,2023-08-07 09:33,"(서울=연합뉴스) 홍유담 기자 = 코스피가 7일 장 초반 투자자들의 관망세에 나흘째 약세를 보이며 2,600 안팎에서 보합권 흐름을 이어가고 있다.      이날 오전 9시 19분 현재 코스피는 전장보다 1.41포인트(0.05%) 낮은 2,601.39다.    지수는 지난 2일부터 4거래일째 약세를 이어가면서 전장보다 11.22포인트(0.43%) 내린 2,591.58에 개장해 보합권에서 등락하고 있다.    유가증권시장에서 개인과 외국인이 각각 301억원, 221억원을 순매수했다. 기관은 618억원을 순매도했다.    이날 국내 증시는 앞선 미국 뉴욕 증시의 부진을 반영하면서 이차전지주 등 테마주들의 흐름에 영향을 받고 있다.     지난 4일(현지시간) 미국 뉴욕 증시에서 다우존스30 산업평균지수(-0.43%)와 스탠더드앤드푸어스(S&P) 500지수(-0.53%), 기술주 중심의 나스닥 지수(-0.36%)가 일제히 하락했다.    미국 7월 비농업 일자리는 전월 대비 18만7천명 증가해 전문가 전망치(20만명 증가)를 밑돌아 다소 고용이 둔화한 것으로 발표됐다.     반면 7월 실업률은 3.5%로 시장 예상치와 전달 기록을 모두 밑돌며 올해 4월 이후 가장 낮은 수치를 기록했고, 임금 상승률의 경우 4.36%로 시장 예상치와 전달 기록보다 높아 인플레이션 압박을 드러냈다.    고용지표가 혼조세를 보이는 가운데 애플의 주가가 올해 3분기 실적 부진 우려로 4.80% 떨어지면서 투자 심리를 위축시켰다.    시장은 오는 10일 예정된 미국의 7월 소비자물가지수(CPI) 발표를 주시하고 있다.    한지영 키움증권 연구원은 ""국내 증시에선 오는 11일 에코프로 편입 여부가 결정되는 모건스탠리캐피털인터내셔널(MSCI) 분기 리뷰 결과가 중요할 것""이라며 ""엔터주들의 실적발표도 잇따라 예정된 만큼 미국 CPI 등 거시경제 이벤트뿐 아니라 국내 주요 테마주 간의 힘겨루기 싸움에 영향을 받는 한 주가 될 것""이라고 설명했다.    시가총액 상위권에서 삼성전자(0.15%), SK하이닉스(1.83%), 삼성바이오로직스(0.50%), NAVER(네이버)(3.36%) 등이 상승하고 있다.    반면 LG에너지솔루션(-0.74%), POSCO홀딩스(-1.68%), LG화학(-1.10%), 삼성SDI(-1.73%), 포스코퓨처엠(-3.23%) 등 이차전지주는 일제히 하락세다.    업종별로는 종이·목재(1.80%), 보험(1.25%), 서비스업(1.12%), 의약품(1.02%) 등이 오르고 운수장비(-1.41%), 섬유·의복(-1.28%), 운수·창고(-1.21%), 철강 및 금속(-1.16%) 등은 약세다.    같은 시각 코스닥지수는 전장보다 5.96포인트(0.65%) 하락한 912.47을 나타냈다.    지수는 전장보다 5.18포인트(0.56%) 내린 913.25로 출발해 내림세를 지속하고 있다.    코스닥시장에서 개인이 홀로 1천296억원을 순매수했다. 외국인과 기관은 각각 757억원, 412억원 매도 우위다.    시총 상위권에서는 에코프로비엠(-3.94%)과 에코프로(-3.49%), 엘앤에프(-2.99%) 등 이차전지주가 약세인 가운데 셀트리온헬스케어(1.33%), JYP Ent.(2.07%) 등은 오르고 있다.    ydhong@yna.co.kr연합뉴스 관련뉴스해당 언론사에서 선정하며 언론사 페이지(아웃링크)로 이동해 볼 수 있습니다. 잼버리 대원들, 태풍 북상에 새만금 야영지 떠난다 울산 모 초등학교 칼부림 예고 글 올린 초등생 검거 ""엄마, 벌써 보고 싶어""…분당 사건 피해 현장에 추모 꽃다발 태풍 카눈, 10일 오전 경남남해안 상륙 예상…전국 폭풍속으로 ""시부모 18년 모셔"" 김은경에 시누이 ""거짓말""…정치권 또 시끌",https://finance.naver.com/news/news_read.naver?article_id=0014115876&office_id=001&mode=LSS3D&type=0&section_id=101&section_id2=258&section_id3=429&date=20230808&page=1
"
원/달러 환율, 미국 고용지표 둔화 속 1,300원대 하락 출발
",연합뉴스,2023-08-07 09:25,"(서울=연합뉴스) 오지은 기자 = 지난주 30원가량 급등했던 원/달러 환율이 미국 고용 지표 둔화 속에 7일 하락 출발했다.     이날 서울 외환시장에서 오전 9시 12분 현재 달러 대비 원화 환율은 전 거래일보다 5.6원 하락한 1,304.2원이다.     환율은 3.2원 내린 1,306.6원에 개장한 뒤 소폭 하락한 1,304원대에서 움직이고 있다.    지난 4일(현지시간) 미국 노동부가 발표한 고용보고서에 따르면 7월 비농업 일자리는 18만7천개 증가해 전문가 전망치(20만건)를 밑돌았다.     보건의료(6만3천개), 사회복지(2만4천개), 금융활동(1만9천개), 도매업(1만8천개) 부문에서 고용 증가를 이끌었지만 여가접객업에선 일자리가 1만7천개 늘어나는 데 그쳐 1분기 월평균 고용 증가 인원(6만7천개)을 크게 밑돌았다.     김승혁 NH선물 연구원은 ""달러는 신규고용 증가 둔화에 따른 여파 등으로 (전거래일) 하락 마감했다""고 말했다.     지난주 환율 급등으로 고점을 노린 수출업체의 달러 매도 가능성도 하락 요인으로 작용할 수 있다.     같은 시간 원/엔 재정환율은 100엔당 920.03원이다. 전거래일 오후 3시 30분 기준가 919.77원보다 0.26원 상승했다.     built@yna.co.kr[그래픽] 원/달러 환율 추이(서울=연합뉴스) 원형민 기자 = 4일 서울 외환시장에서 달러 대비 원화 환율은 전 거래일보다 10.7원 오른 1,309.8원에 마감했다.    circlemin@yna.co.kr    페이스북 tuney.kr/LeYN1 트위터 @yonhap_graphics연합뉴스 관련뉴스해당 언론사에서 선정하며 언론사 페이지(아웃링크)로 이동해 볼 수 있습니다. ""시부모 18년 모셔"" 김은경에 시누이 ""거짓말""…정치권 또 시끌 ""엄마 남자문제 아버지도 아나"" 내연녀 딸에 전화한 60대 ""치아 없어 음주측정 못해"" 항소했지만 기각…법원 ""거부 명확"" '회장님들 현피' 코앞?…머스크 ""저커버그 결투 엑스로 생중계"" 잼버리 성범죄 의혹 남성 ""더워서 그랬다""…피해자는 강력 반발",https://finance.naver.com/news/news_read.naver?article_id=0014115860&office_id=001&mode=LSS3D&type=0&section_id=101&section_id2=258&section_id3=429&date=20230808&page=1
"
금리 뛰자 장롱속 신사임당 돌아왔다…5만원권 환수율 역대 최고
",연합뉴스,2023-08-06 06:05,"상반기 5만원권 환수율 77.8%…발행액 10조원·환수액 7.8조원사회적 거리 두기 해제 후 소비심리 회복 영향도    (서울=연합뉴스) 신호경 민선희 기자 = 코로나19 사태 3년을 거치며 시중에서 자취를 감췄던 5만원권 지폐가 장롱이나 금고에서 다시 쏟아져 나오고 있다.      2021년 이후 기준금리와 시중금리가 계속 뛰면서 고액권을 들고 있기보다 예·적금 등의 형태로 굴리는 게 유리해진 데다 방역 해제로 대면 경제활동도 늘었기 때문으로 해석된다.          따라서 금리가 갑자기 크게 떨어지지 않는 한 올해 상반기뿐 아니라 연간 전체로도 5만원권 환수율은 역대 최대 기록을 갈아치울 것이 확실시된다.     6일 국회 기획재정위원회 소속 양경숙 의원(더불어민주당)이 한국은행으로부터 받은 화폐 수급 동향 자료에 따르면, 올해 상반기 5만원권 발행액은 약 10조원, 환수액은 7조8천억원을 기록했다.     발행액 대비 환수액의 비율인 환수율은 77.8%로, 2009년 6월 5만원권 발행이 시작된 이후 상반기 기준으로 가장 높은 환수율이다.     통상 한국은행이 화폐를 발행하면, 화폐는 시중에서 유통되다가 예금·세금납부 등 형태로 금융기관으로 입금된다.     금융기관은 일부를 시재금으로 보유하고 나머지는 한국은행에 입금하는데 이때 돌아온 금액이 환수액이다.    환수율은 해당 기간 발행액 대비 환수액의 비율로, 화폐 환수율이 높다는 것은 화폐가 시중에서 활발하게 유통되고 있다는 것을 의미한다.     5만원권 환수율은 지난 2009년 최초 발행 이후 꾸준히 상승해 2017∼2019년 중 50∼60%대에 이르렀다가, 코로나19가 확산한 2020∼2021년에는 10∼20%대까지 떨어졌다.    사회적 거리두기 조치로 대면 거래가 줄어든 데다 경제 불확실성에 고액권을 미리 확보해두려는 수요가 늘었기 때문이다.     그러나 지난해 방역 규제 완화로 소비심리가 회복되고, 한국은행이 지난 2021년 8월부터 1년 반에 걸쳐 기준금리를 3.00%포인트(p) 올리면서 환수율이 높아지기 시작했다.    한은의 기준금리 인상으로 시중 금리도 함께 뛰면서 현금을 보유하기보다 높은 금리를 주는 예·적금 등에 넣은 것으로 추정된다는 게 한은의 설명이다.        한은에 따르면 예금은행의 저축성 수신(예금) 평균금리(가중평균·신규취급액 기준)는 한은의 기준금리 인상이 시작된 지난 2021년 8월 연 1.03%에서 지난해 11월 연 4.29%까지 뛰었다.     은행 수신금리는 이후 하락해 지난 4월 3.43%까지 내렸으나, 5월 반등해 6월에는 3.69%로 집계됐다.     예금은행의 수신 잔액 역시 2021년 8월 말 2천253조7천억원에서 지난해 11월 2천480조6천억원까지 늘었다. 지난 5월에는 2천427조8천억원으로 집계됐다.    고액권 환수율 증가세는 통화 긴축을 이어간 다른 주요국에서도 관측됐다.    미국 100달러권 환수율은 2020년 51.0%까지 하락했다가 2022년 81.3%로 올랐으며, 유로존 200유로권 역시 2020년 환수율이 46.5%로 내렸다가 지난해 104.8%까지 상승했다.     shk999@yna.co.kr, ssun@yna.co.kr연합뉴스 관련뉴스해당 언론사에서 선정하며 언론사 페이지(아웃링크)로 이동해 볼 수 있습니다. 수조원 경제효과 기대했지만..잼버리 '총체적 부실'로 파행 '학폭 논란' 이다영 ""다시 한번 죄송…이재영은 학폭과 무관"" '브레이킹배드 마약왕' 헥터 살라만카 열연한 노배우 별세 흉기든 채 유리문 '쾅쾅'…경찰, 용인 흉기소란 40대 구속영장 유엔 인권위 ""일본 연예기획사 자니즈서 수백명 성폭력 피해""",https://finance.naver.com/news/news_read.naver?article_id=0014114245&office_id=001&mode=LSS3D&type=0&section_id=101&section_id2=258&section_id3=429&date=20230808&page=1
"
[그래픽] 원/달러 환율 추이
",연합뉴스,2023-08-04 16:20,"(서울=연합뉴스) 원형민 기자 = 4일 서울 외환시장에서 달러 대비 원화 환율은 전 거래일보다 10.7원 오른 1,309.8원에 마감했다.    circlemin@yna.co.kr    페이스북 tuney.kr/LeYN1 트위터 @yonhap_graphics연합뉴스 관련뉴스해당 언론사에서 선정하며 언론사 페이지(아웃링크)로 이동해 볼 수 있습니다. '분당 흉기 난동' 피의자, 사건 전날도 흉기 들고 서현역 방문 학교서 교사 흉기로 찌른 20대 검거…""과거 사제 간"" ""맨날 다니던 집앞서 어찌 어런 일이""…뇌사 피해자 남편 '통곡' 잇단 '묻지마' 흉기 난동에 외신도 주목…""한국에선 드문 일"" 환자 속출하는데…""입장 불가"" 의료봉사자 거절한 잼버리 조직위",https://finance.naver.com/news/news_read.naver?article_id=0014112812&office_id=001&mode=LSS3D&type=0&section_id=101&section_id2=258&section_id3=429&date=20230808&page=1
"
원/달러 환율, 10원 넘게 급등…1,310원 근접 마감
",연합뉴스,2023-08-04 15:48,"(서울=연합뉴스) 채새롬 기자 = 원/달러 환율이 4일 장중 10원 넘게 올라 1,310원에 바짝 다가섰다.    이날 서울 외환시장에서 달러 대비 원화 환율은 전 거래일보다 10.7원 오른 1,309.8원에 마감했다.    이날 종가는 지난 6월 30일(1,317.7원) 이후 최고치다.     환율은 전 거래일 종가보다 1.6원 내린 1,297.5원에 개장해 전날에 이어 장 초반 1,300원선을 중심으로 등락했다.     이후 오후 들어 상승 폭을 확대하더니 1,310.2원까지 고점을 높였다.    환율은 이날 밤 미국의 7월 비농업 고용보고서 발표를 앞두고 시장의 경계심이 높아지면서 상승한 것으로 보인다.     장중 1,300원 위로 올라가면서 수급상으로도 결제 수요가 우위를 보이며 환율 상승을 부추겼다.     외국인 투자자는 이날 코스피·코스닥시장에서 3천억원 넘게 순매도했다.    같은 시간 원/엔 재정환율은 100엔당 919.77원이다. 전 거래일 오후 3시 30분 기준가(904.89원)보다 14.88원 올랐다.[그래픽] 원/달러 환율 추이(서울=연합뉴스) 원형민 기자 = circlemin@yna.co.kr    페이스북 tuney.kr/LeYN1 트위터 @yonhap_graphics    srchae@yna.co.kr연합뉴스 관련뉴스해당 언론사에서 선정하며 언론사 페이지(아웃링크)로 이동해 볼 수 있습니다. '분당 흉기 난동' 피의자, 사건 전날도 흉기 들고 서현역 방문 학교서 교사 흉기로 찌른 20대 검거…""과거 사제 간"" ""맨날 다니던 집앞서 어찌 어런 일이""…뇌사 피해자 남편 '통곡' 잇단 '묻지마' 흉기 난동에 외신도 주목…""한국에선 드문 일"" 환자 속출하는데…""입장 불가"" 의료봉사자 거절한 잼버리 조직위",https://finance.naver.com/news/news_read.naver?article_id=0014112723&office_id=001&mode=LSS3D&type=0&section_id=101&section_id2=258&section_id3=429&date=20230808&page=1
"
원/달러 환율, 미국 고용지표 대기…장 초반 보합권
",연합뉴스,2023-08-04 09:24,"(서울=연합뉴스) 채새롬 기자 = 4일 원/달러 환율은 미국 고용지표 발표를 대기하며 장 초반 보합권에서 움직이고 있다.    이날 서울 외환시장에서 오전 9시 13분 현재 달러 대비 원화 환율은 전 거래일보다 0.1원 내린 1,299.0원이다.     환율은 1.6원 내린 1,297.5원에 개장해 전날에 이어 1,300원선을 중심으로 좁은 폭에서 등락하고 있다.     강달러 부담이 완화하는 가운데 이날 발표되는 미국의 7월 비농업 고용보고서를 대기하는 모습이다.     수출업체 네고(달러 매도) 물량도 1,300원선을 고점으로 인식하고 유입되는 양상을 보이고 있다.    같은 시간 원/엔 재정환율은 100엔당 910.86원이다. 전 거래일 오후 3시 30분 기준가(904.89원)보다 5.97원 상승했다.     srchae@yna.co.kr연합뉴스 관련뉴스해당 언론사에서 선정하며 언론사 페이지(아웃링크)로 이동해 볼 수 있습니다. 경찰 ""분당 흉기난동범, 누가 죽이려한다는 피해망상 겪다 범행"" 경찰, 오리역·서현역 잇단 '살인예고' 게시물에 총력 대응 ""엄마, 죽는 줄 알았어""…흉기난동 부상자가 가족에 전한 한마디 ""가게 닫고 숨죽인 채 있었어요""…목격자들 전한 난동 당시 상황 공주 국도서 자전거 타던 70대, 차량 3대에 잇따라 치여 숨져",https://finance.naver.com/news/news_read.naver?article_id=0014111608&office_id=001&mode=LSS3D&type=0&section_id=101&section_id2=258&section_id3=429&date=20230808&page=1
"
원/달러 환율, 3주 만에 1,300원선 '터치'
",연합뉴스,2023-08-03 15:41,"(서울=연합뉴스) 채새롬 기자 = 3일 원/달러 환율이 1,300원선을 찍고 내려왔다.    이날 서울 외환시장에서 달러 대비 원화 환율은 전 거래일보다 0.6원 오른 1,299.1원에 마감했다.    환율은 전 거래일 종가보다 0.5원 오른 1,299.0원에 개장해 장중 1,302.5원까지 오르는 등 1,300원선 안팎에서 등락을 거듭했다.     환율이 장중 1,300원을 넘은 것은 지난달 11일(장중 고가 1,301.1원) 이후 3주 만이다.     이날 외국인은 코스피·코스닥시장에서 2천억원 넘게 순매도했고, 코스피200 선물시장에서는 1조5천억원 가까이 팔아치우며 환율에 상방 압력을 가했다.     다만 미국 신용등급 강등 영향이 전날 주로 반영된 탓에 상단은 제한됐다.     국제 신용평가사 피치는 전날 미국의 국가신용등급을 'AAA'에서 'AA+'로 강등했다. 이에 따른 위험 회피 심리가 강화되면서 2일 원/달러 환율은 14.7원 급등했다.    같은 시간 원/엔 재정환율은 100엔당 904.89원이다. 전 거래일 오후 3시 30분 기준가(909.22원)에서 4.33원 내렸다.    srchae@yna.co.kr연합뉴스 관련뉴스해당 언론사에서 선정하며 언론사 페이지(아웃링크)로 이동해 볼 수 있습니다. 블랙핑크 지수, 배우 안보현과 교제…""조금씩 알아가는 단계"" '물리학의 성배' 해외서도 뜨거운 초전도체…""사실이면 노벨상"" 술마시고 새벽 귀가 혼내는 어머니 살해 美 복권 '메가 밀리언스' 1등 당첨금 1조6천억원으로 불어 트뤼도, 18년 결혼 접고 이혼…""깊은 사랑과 존경 남을것""",https://finance.naver.com/news/news_read.naver?article_id=0014110334&office_id=001&mode=LSS3D&type=0&section_id=101&section_id2=258&section_id3=429&date=20230808&page=1
"
일본, 금융완화 수정에도 엔저 지속…국채 수익률은 상승세
",연합뉴스,2023-08-03 15:22,"(도쿄=연합뉴스) 박상현 특파원 = 일본 중앙은행인 일본은행이 7개월 만에 대규모 금융완화 정책을 수정한 뒤 금융시장에서 엔화 가치 하락(엔저)과 10년물 국채 금리 상승 현상이 나타나고 있다고 니혼게이자이신문(닛케이)이 3일 보도했다.    앞서 일본은행은 지난달 28일 장기금리 지표인 10년물 국채 금리의 상한선 목표를 0.5%로 하되 시장 동향에 따라 1%까지는 용인하기로 했다.    일본은행의 이 같은 결정 이후 10년물 국채 수익률은 0.6%를 넘어 이날 장중 한때 0.655%를 기록했다. 이는 9년 7개월 만에 최고 수준이다.    일본은행은 지난달 31일 10년물 국채의 수익률이 0.605%로 치솟자 공개시장 조작에 나서기도 했다.    엔/달러 환율은 이날 달러당 143엔대에서 등락을 거듭하고 있다. 지난달 28일과 비교하면 달러당 5엔가량 올랐다.    통상적으로 금리가 오른 나라의 통화는 강세를 띠는 경향이 있지만, 일본에서는 이례적으로 엔화 가치가 떨어지고 있다.    이에 대해 닛케이는 ""일본은행이 약간의 금리 상승은 용인했지만, 급격한 움직임은 허용하지 않는다는 자세를 보이고 있는 것이 요인""이라고 분석했다.    이어 ""느린 속도의 금리 상승과 엔저가 지속되면 수입 물가 급등이 재현될 우려가 있다""고 짚었다.    한편 우치다 신이치 일본은행 부총재는 전날 금융정책 수정과 관련해 금융완화를 끈질기게 계속하기 위한 조처라고 설명했다.    아울러 그는 금융완화의 출구를 의식한 것은 아니라는 점도 강조했다.    psh59@yna.co.kr연합뉴스 관련뉴스해당 언론사에서 선정하며 언론사 페이지(아웃링크)로 이동해 볼 수 있습니다. 블랙핑크 지수, 배우 안보현과 교제…""조금씩 알아가는 단계"" '물리학의 성배' 해외서도 뜨거운 초전도체…""사실이면 노벨상"" 술마시고 새벽 귀가 혼내는 어머니 살해 美 복권 '메가 밀리언스' 1등 당첨금 1조6천억원으로 불어 트뤼도, 18년 결혼 접고 이혼…""깊은 사랑과 존경 남을것""",https://finance.naver.com/news/news_read.naver?article_id=0014110229&office_id=001&mode=LSS3D&type=0&section_id=101&section_id2=258&section_id3=429&date=20230808&page=1
"
[게시판] KB국민은행, 거래외국환은행 지정 고객에 1만원 쿠폰
",연합뉴스,2023-08-03 15:15,"▲ KB국민은행은 다음 달 29일까지 유학생과 해외체재 고객을 대상으로 KB금융쿠폰 증정 행사를 진행한다고 3일 밝혔다. 이 기간 유학생·해외체재자가 KB국민은행을 거래외국환은행으로 새로 지정하면 외환 거래에 사용할 수 있는 KB금융쿠폰 1만원을 받는다. 거래외국환은행 지정은 외국환거래 법령에 따라 사전에 한 은행을 정한 뒤 해당 은행에서만 특정 거래를 허용하는 제도다.    (서울=연합뉴스)연합뉴스 관련뉴스해당 언론사에서 선정하며 언론사 페이지(아웃링크)로 이동해 볼 수 있습니다. 블랙핑크 지수, 배우 안보현과 교제…""조금씩 알아가는 단계"" '물리학의 성배' 해외서도 뜨거운 초전도체…""사실이면 노벨상"" 술마시고 새벽 귀가 혼내는 어머니 살해 美 복권 '메가 밀리언스' 1등 당첨금 1조6천억원으로 불어 트뤼도, 18년 결혼 접고 이혼…""깊은 사랑과 존경 남을것""",https://finance.naver.com/news/news_read.naver?article_id=0014110197&office_id=001&mode=LSS3D&type=0&section_id=101&section_id2=258&section_id3=429&date=20230808&page=1
"
외환보유액 2개월째 증가
",연합뉴스,2023-08-03 14:33,"(서울=연합뉴스) 박동주 기자 = 최근 미국 달러화 약세, 외화자산 운용수익 증가 등으로 우리나라 외환보유액이 2개월 연속 증가했다.    한은이 3일 발표한 외환보유액 통계에 따르면 7월 말 기준 외환보유액은 4천218억달러로 6월 말(4천214억5천만달러) 보다 3억5천만달러 증가했다. 이날 오후 서울 중구 하나은행 본점 위변조대응센터에서 한 직원이 달러를 정리하고 있다. 2023.8.3    pdj6635@yna.co.kr연합뉴스 관련뉴스해당 언론사에서 선정하며 언론사 페이지(아웃링크)로 이동해 볼 수 있습니다. 블랙핑크 지수, 배우 안보현과 교제…""조금씩 알아가는 단계"" '물리학의 성배' 해외서도 뜨거운 초전도체…""사실이면 노벨상"" 술마시고 새벽 귀가 혼내는 어머니 살해 美 복권 '메가 밀리언스' 1등 당첨금 1조6천억원으로 불어 트뤼도, 18년 결혼 접고 이혼…""깊은 사랑과 존경 남을것""",https://finance.naver.com/news/news_read.naver?article_id=0014110018&office_id=001&mode=LSS3D&type=0&section_id=101&section_id2=258&section_id3=429&date=20230808&page=1
"
7월 외환보유액 2개월째 증가…3.5억달러 늘어난 4천218억달러
",연합뉴스,2023-08-03 14:32,"(서울=연합뉴스) 박동주 기자 = 최근 미국 달러화 약세, 외화자산 운용수익 증가 등으로 우리나라 외환보유액이 2개월 연속 증가했다.    한은이 3일 발표한 외환보유액 통계에 따르면 7월 말 기준 외환보유액은 4천218억달러로 6월 말(4천214억5천만달러) 보다 3억5천만달러 증가했다. 이날 오후 서울 중구 하나은행 본점 위변조대응센터에서 한 직원이 달러를 정리하고 있다. 2023.8.3    pdj6635@yna.co.kr연합뉴스 관련뉴스해당 언론사에서 선정하며 언론사 페이지(아웃링크)로 이동해 볼 수 있습니다. 블랙핑크 지수, 배우 안보현과 교제…""조금씩 알아가는 단계"" '물리학의 성배' 해외서도 뜨거운 초전도체…""사실이면 노벨상"" 술마시고 새벽 귀가 혼내는 어머니 살해 美 복권 '메가 밀리언스' 1등 당첨금 1조6천억원으로 불어 트뤼도, 18년 결혼 접고 이혼…""깊은 사랑과 존경 남을것""",https://finance.naver.com/news/news_read.naver?article_id=0014110014&office_id=001&mode=LSS3D&type=0&section_id=101&section_id2=258&section_id3=429&date=20230808&page=1
"
7월 외환보유액 2개월째 증가…3.5억달러 늘어난 4천218억달러
",연합뉴스,2023-08-03 14:32,"(서울=연합뉴스) 박동주 기자 = 최근 미국 달러화 약세, 외화자산 운용수익 증가 등으로 우리나라 외환보유액이 2개월 연속 증가했다.    한은이 3일 발표한 외환보유액 통계에 따르면 7월 말 기준 외환보유액은 4천218억달러로 6월 말(4천214억5천만달러) 보다 3억5천만달러 증가했다. 이날 오후 서울 중구 하나은행 본점 위변조대응센터에서 한 직원이 달러를 정리하고 있다. 2023.8.3    pdj6635@yna.co.kr연합뉴스 관련뉴스해당 언론사에서 선정하며 언론사 페이지(아웃링크)로 이동해 볼 수 있습니다. 블랙핑크 지수, 배우 안보현과 교제…""조금씩 알아가는 단계"" '물리학의 성배' 해외서도 뜨거운 초전도체…""사실이면 노벨상"" 술마시고 새벽 귀가 혼내는 어머니 살해 美 복권 '메가 밀리언스' 1등 당첨금 1조6천억원으로 불어 트뤼도, 18년 결혼 접고 이혼…""깊은 사랑과 존경 남을것""",https://finance.naver.com/news/news_read.naver?article_id=0014110013&office_id=001&mode=LSS3D&type=0&section_id=101&section_id2=258&section_id3=429&date=20230808&page=1
"
7월 외환보유액…3.5억달러 늘어난 4천218억달러
",연합뉴스,2023-08-03 14:32,"(서울=연합뉴스) 박동주 기자 = 최근 미국 달러화 약세, 외화자산 운용수익 증가 등으로 우리나라 외환보유액이 2개월 연속 증가했다.    한은이 3일 발표한 외환보유액 통계에 따르면 7월 말 기준 외환보유액은 4천218억달러로 6월 말(4천214억5천만달러) 보다 3억5천만달러 증가했다. 이날 오후 서울 중구 하나은행 본점 위변조대응센터에서 한 직원이 달러를 정리하고 있다. 2023.8.3    pdj6635@yna.co.kr연합뉴스 관련뉴스해당 언론사에서 선정하며 언론사 페이지(아웃링크)로 이동해 볼 수 있습니다. 블랙핑크 지수, 배우 안보현과 교제…""조금씩 알아가는 단계"" '물리학의 성배' 해외서도 뜨거운 초전도체…""사실이면 노벨상"" 술마시고 새벽 귀가 혼내는 어머니 살해 美 복권 '메가 밀리언스' 1등 당첨금 1조6천억원으로 불어 트뤼도, 18년 결혼 접고 이혼…""깊은 사랑과 존경 남을것""",https://finance.naver.com/news/news_read.naver?article_id=0014110012&office_id=001&mode=LSS3D&type=0&section_id=101&section_id2=258&section_id3=429&date=20230808&page=1
"
7월 외환보유액 2개월째 증가…3.5억달러 늘어난 4천218억달러
",연합뉴스,2023-08-03 14:32,"(서울=연합뉴스) 박동주 기자 = 최근 미국 달러화 약세, 외화자산 운용수익 증가 등으로 우리나라 외환보유액이 2개월 연속 증가했다.    한은이 3일 발표한 외환보유액 통계에 따르면 7월 말 기준 외환보유액은 4천218억달러로 6월 말(4천214억5천만달러) 보다 3억5천만달러 증가했다. 이날 오후 서울 중구 하나은행 본점 위변조대응센터에서 한 직원이 달러를 정리하고 있다. 2023.8.3    pdj6635@yna.co.kr연합뉴스 관련뉴스해당 언론사에서 선정하며 언론사 페이지(아웃링크)로 이동해 볼 수 있습니다. 블랙핑크 지수, 배우 안보현과 교제…""조금씩 알아가는 단계"" '물리학의 성배' 해외서도 뜨거운 초전도체…""사실이면 노벨상"" 술마시고 새벽 귀가 혼내는 어머니 살해 美 복권 '메가 밀리언스' 1등 당첨금 1조6천억원으로 불어 트뤼도, 18년 결혼 접고 이혼…""깊은 사랑과 존경 남을것""",https://finance.naver.com/news/news_read.naver?article_id=0014110011&office_id=001&mode=LSS3D&type=0&section_id=101&section_id2=258&section_id3=429&date=20230808&page=1
"
7월 외환보유액…3.5억달러 늘어난 4천218억달러
",연합뉴스,2023-08-03 14:32,"(서울=연합뉴스) 박동주 기자 = 최근 미국 달러화 약세, 외화자산 운용수익 증가 등으로 우리나라 외환보유액이 2개월 연속 증가했다.    한은이 3일 발표한 외환보유액 통계에 따르면 7월 말 기준 외환보유액은 4천218억달러로 6월 말(4천214억5천만달러) 보다 3억5천만달러 증가했다. 이날 오후 서울 중구 하나은행 본점 위변조대응센터에서 한 직원이 달러를 정리하고 있다. 2023.8.3    pdj6635@yna.co.kr연합뉴스 관련뉴스해당 언론사에서 선정하며 언론사 페이지(아웃링크)로 이동해 볼 수 있습니다. 블랙핑크 지수, 배우 안보현과 교제…""조금씩 알아가는 단계"" '물리학의 성배' 해외서도 뜨거운 초전도체…""사실이면 노벨상"" 술마시고 새벽 귀가 혼내는 어머니 살해 美 복권 '메가 밀리언스' 1등 당첨금 1조6천억원으로 불어 트뤼도, 18년 결혼 접고 이혼…""깊은 사랑과 존경 남을것""",https://finance.naver.com/news/news_read.naver?article_id=0014110010&office_id=001&mode=LSS3D&type=0&section_id=101&section_id2=258&section_id3=429&date=20230808&page=1
"
7월 외환보유액…3.5억달러 늘어난 4천218억달러
",연합뉴스,2023-08-03 14:32,"(서울=연합뉴스) 박동주 기자 = 최근 미국 달러화 약세, 외화자산 운용수익 증가 등으로 우리나라 외환보유액이 2개월 연속 증가했다.    한은이 3일 발표한 외환보유액 통계에 따르면 7월 말 기준 외환보유액은 4천218억달러로 6월 말(4천214억5천만달러) 보다 3억5천만달러 증가했다. 이날 오후 서울 중구 하나은행 본점 위변조대응센터에서 한 직원이 달러를 정리하고 있다. 2023.8.3    pdj6635@yna.co.kr연합뉴스 관련뉴스해당 언론사에서 선정하며 언론사 페이지(아웃링크)로 이동해 볼 수 있습니다. 블랙핑크 지수, 배우 안보현과 교제…""조금씩 알아가는 단계"" '물리학의 성배' 해외서도 뜨거운 초전도체…""사실이면 노벨상"" 술마시고 새벽 귀가 혼내는 어머니 살해 美 복권 '메가 밀리언스' 1등 당첨금 1조6천억원으로 불어 트뤼도, 18년 결혼 접고 이혼…""깊은 사랑과 존경 남을것""",https://finance.naver.com/news/news_read.naver?article_id=0014110009&office_id=001&mode=LSS3D&type=0&section_id=101&section_id2=258&section_id3=429&date=20230808&page=1
